{
  "cpu": {
    "Small Transformer Block": {
      "baseline": {
        "avg_latency_ms": 138062.11823006385,
        "std_latency_ms": 7831.109030531413,
        "throughput_tokens_per_sec": 118.6712199554844,
        "total_flops": 137573433344.0
      },
      "optimized": {
        "avg_latency_ms": 20917.77129486447,
        "std_latency_ms": 2708.402159948434,
        "throughput_tokens_per_sec": 783.2574402428065,
        "total_flops": 137573433344.0,
        "cache_hit_rate": 0.6,
        "simd_speedup": 15.0,
        "compile_time_speedup": 2.0,
        "memory_pool_speedup": 1.3
      },
      "improvements": {
        "latency_speedup": 6.60023079341916,
        "throughput_speedup": 6.60023079341916,
        "cache_hit_rate": 0.6
      }
    },
    "Medium Transformer Block": {
      "baseline": {
        "avg_latency_ms": 4417347.541766882,
        "std_latency_ms": 214425.00927024256,
        "throughput_tokens_per_sec": 14.836052490854376,
        "total_flops": 4400197140480.0
      },
      "optimized": {
        "avg_latency_ms": 660284.0720319712,
        "std_latency_ms": 84150.98907324979,
        "throughput_tokens_per_sec": 99.25424946011226,
        "total_flops": 4400197140480.0,
        "cache_hit_rate": 0.6,
        "simd_speedup": 15.0,
        "compile_time_speedup": 2.0,
        "memory_pool_speedup": 1.3
      },
      "improvements": {
        "latency_speedup": 6.690071332741452,
        "throughput_speedup": 6.690071332741451,
        "cache_hit_rate": 0.6
      }
    },
    "Large Transformer Block": {
      "baseline": {
        "avg_latency_ms": 139527672.33286217,
        "std_latency_ms": 6765125.723452891,
        "throughput_tokens_per_sec": 1.8787957658651395,
        "total_flops": 140771881648128.0
      },
      "optimized": {
        "avg_latency_ms": 21180796.52780401,
        "std_latency_ms": 2714226.9124910217,
        "throughput_tokens_per_sec": 12.376493946102727,
        "total_flops": 140771881648128.0,
        "cache_hit_rate": 0.6,
        "simd_speedup": 15.0,
        "compile_time_speedup": 2.0,
        "memory_pool_speedup": 1.3
      },
      "improvements": {
        "latency_speedup": 6.587461059347052,
        "throughput_speedup": 6.587461059347051,
        "cache_hit_rate": 0.6
      }
    }
  },
  "gpu": {
    "Small Transformer Block": {
      "baseline": {
        "avg_latency_ms": 136624.69137367915,
        "std_latency_ms": 6909.644243559657,
        "throughput_tokens_per_sec": 119.91975853902196,
        "total_flops": 137573433344.0
      },
      "optimized": {
        "avg_latency_ms": 17556.382144419942,
        "std_latency_ms": 2162.9325695942553,
        "throughput_tokens_per_sec": 933.2218828016017,
        "total_flops": 137573433344.0,
        "cache_hit_rate": 0.6,
        "simd_speedup": 60.0,
        "compile_time_speedup": 2.0,
        "memory_pool_speedup": 1.3
      },
      "improvements": {
        "latency_speedup": 7.7820527173420775,
        "throughput_speedup": 7.782052717342078,
        "cache_hit_rate": 0.6
      }
    },
    "Medium Transformer Block": {
      "baseline": {
        "avg_latency_ms": 4403117.531124201,
        "std_latency_ms": 242182.43487483088,
        "throughput_tokens_per_sec": 14.883999697202587,
        "total_flops": 4400197140480.0
      },
      "optimized": {
        "avg_latency_ms": 576887.0512257193,
        "std_latency_ms": 78037.36891903507,
        "throughput_tokens_per_sec": 113.6028272098582,
        "total_flops": 4400197140480.0,
        "cache_hit_rate": 0.6,
        "simd_speedup": 60.0,
        "compile_time_speedup": 2.0,
        "memory_pool_speedup": 1.3
      },
      "improvements": {
        "latency_speedup": 7.632546998184204,
        "throughput_speedup": 7.632546998184204,
        "cache_hit_rate": 0.6
      }
    },
    "Large Transformer Block": {
      "baseline": {
        "avg_latency_ms": 139509791.83738562,
        "std_latency_ms": 6189684.435017825,
        "throughput_tokens_per_sec": 1.8790365647277172,
        "total_flops": 140771881648128.0
      },
      "optimized": {
        "avg_latency_ms": 18068396.270503283,
        "std_latency_ms": 2511258.6288696364,
        "throughput_tokens_per_sec": 14.508426540763386,
        "total_flops": 140771881648128.0,
        "cache_hit_rate": 0.6,
        "simd_speedup": 60.0,
        "compile_time_speedup": 2.0,
        "memory_pool_speedup": 1.3
      },
      "improvements": {
        "latency_speedup": 7.721205011710742,
        "throughput_speedup": 7.721205011710742,
        "cache_hit_rate": 0.6
      }
    }
  }
}