{
  "cpu": {
    "Small Transformer Block": {
      "baseline": {
        "avg_latency_ms": 136942.4481584452,
        "std_latency_ms": 6983.920222745742,
        "throughput_tokens_per_sec": 119.6415006473623,
        "total_flops": 137573433344.0
      },
      "optimized": {
        "avg_latency_ms": 18929.72863540805,
        "std_latency_ms": 2604.8933897873153,
        "throughput_tokens_per_sec": 865.516897550963,
        "total_flops": 137573433344.0,
        "cache_hit_rate": 0.6,
        "simd_speedup": 15.0,
        "compile_time_speedup": 2.0,
        "memory_pool_speedup": 1.3
      },
      "improvements": {
        "latency_speedup": 7.234253105049503,
        "throughput_speedup": 7.234253105049504,
        "cache_hit_rate": 0.6
      }
    },
    "Medium Transformer Block": {
      "baseline": {
        "avg_latency_ms": 4442668.543114181,
        "std_latency_ms": 198112.83647489396,
        "throughput_tokens_per_sec": 14.751494369656752,
        "total_flops": 4400197140480.0
      },
      "optimized": {
        "avg_latency_ms": 652692.718230699,
        "std_latency_ms": 87664.1285100763,
        "throughput_tokens_per_sec": 100.40865811656846,
        "total_flops": 4400197140480.0,
        "cache_hit_rate": 0.6,
        "simd_speedup": 15.0,
        "compile_time_speedup": 2.0,
        "memory_pool_speedup": 1.3
      },
      "improvements": {
        "latency_speedup": 6.806677045757828,
        "throughput_speedup": 6.806677045757828,
        "cache_hit_rate": 0.6
      }
    },
    "Large Transformer Block": {
      "baseline": {
        "avg_latency_ms": 140614189.16768667,
        "std_latency_ms": 6600294.570009691,
        "throughput_tokens_per_sec": 1.864278431299599,
        "total_flops": 140771881648128.0
      },
      "optimized": {
        "avg_latency_ms": 20704199.692665476,
        "std_latency_ms": 2777509.4140119636,
        "throughput_tokens_per_sec": 12.66139256244062,
        "total_flops": 140771881648128.0,
        "cache_hit_rate": 0.6,
        "simd_speedup": 15.0,
        "compile_time_speedup": 2.0,
        "memory_pool_speedup": 1.3
      },
      "improvements": {
        "latency_speedup": 6.791578097920861,
        "throughput_speedup": 6.791578097920862,
        "cache_hit_rate": 0.6
      }
    }
  },
  "gpu": {
    "Small Transformer Block": {
      "baseline": {
        "avg_latency_ms": 135967.65674540625,
        "std_latency_ms": 6094.577335183479,
        "throughput_tokens_per_sec": 120.4992451306148,
        "total_flops": 137573433344.0
      },
      "optimized": {
        "avg_latency_ms": 19888.90730017136,
        "std_latency_ms": 2587.641781907754,
        "throughput_tokens_per_sec": 823.7757737378986,
        "total_flops": 137573433344.0,
        "cache_hit_rate": 0.6,
        "simd_speedup": 60.0,
        "compile_time_speedup": 2.0,
        "memory_pool_speedup": 1.3
      },
      "improvements": {
        "latency_speedup": 6.836356301194826,
        "throughput_speedup": 6.836356301194828,
        "cache_hit_rate": 0.6
      }
    },
    "Medium Transformer Block": {
      "baseline": {
        "avg_latency_ms": 4405783.21839239,
        "std_latency_ms": 219148.47782756996,
        "throughput_tokens_per_sec": 14.874994240845375,
        "total_flops": 4400197140480.0
      },
      "optimized": {
        "avg_latency_ms": 587202.2583365837,
        "std_latency_ms": 77633.46064129643,
        "throughput_tokens_per_sec": 111.60720019308036,
        "total_flops": 4400197140480.0,
        "cache_hit_rate": 0.6,
        "simd_speedup": 60.0,
        "compile_time_speedup": 2.0,
        "memory_pool_speedup": 1.3
      },
      "improvements": {
        "latency_speedup": 7.503007959937033,
        "throughput_speedup": 7.503007959937032,
        "cache_hit_rate": 0.6
      }
    },
    "Large Transformer Block": {
      "baseline": {
        "avg_latency_ms": 142687026.01960254,
        "std_latency_ms": 6292892.087772449,
        "throughput_tokens_per_sec": 1.8371957655350268,
        "total_flops": 140771881648128.0
      },
      "optimized": {
        "avg_latency_ms": 20142035.60178825,
        "std_latency_ms": 2672221.397097174,
        "throughput_tokens_per_sec": 13.01477195168528,
        "total_flops": 140771881648128.0,
        "cache_hit_rate": 0.6,
        "simd_speedup": 60.0,
        "compile_time_speedup": 2.0,
        "memory_pool_speedup": 1.3
      },
      "improvements": {
        "latency_speedup": 7.084041992604487,
        "throughput_speedup": 7.084041992604488,
        "cache_hit_rate": 0.6
      }
    }
  }
}